Run,Reg t(sec),PPC t(sec)
0,0.794358,0.889719
1,0.803794,0.951473
2,0.792373,0.935146
3,0.806235,0.952792
4,0.798883,0.796491
5,0.797865,1.00772
6,0.843122,0.923531
7,0.867709,0.986717
8,0.801994,0.849298
9,0.869554,1.03056
